상표명,세균제위험,곰팡이제위험,계열
BK보르도606(보르도액),🔴,🔴,보르도·동제(구리)
S석회유황합제(석회유황합제),🟡,🔴,석회유황합제
가비온보르도(보르도액),🔴,🔴,보르도·동제(구리)
건도 칼-에스(석회유황합제),🟡,🔴,석회유황합제
건도보르도(석회보르도액),🔴,🔴,보르도·동제(구리)
골드동(구리염),🔴,🔴,보르도·동제(구리)
골드보르도808(석회보르도액),🔴,🔴,보르도·동제(구리)
대유그린볼도액(보르도액),🔴,🔴,보르도·동제(구리)
대유코프로싹에스(구리염+황),🔴,🔴,보르도·동제(구리)
미네콤21(석회유황합제),🟡,🔴,석회유황합제
바이도문(석회보르도액),🔴,🔴,보르도·동제(구리)
보가닉(구리염+파라핀오일),🔴,🔴,보르도·동제(구리)
보르도스타(보르도액),🔴,🔴,보르도·동제(구리)
보르도칼(보르도액),🔴,🔴,보르도·동제(구리)
상록-606(석회보르도액),🔴,🔴,보르도·동제(구리)
세고밀(구리염),🔴,🔴,보르도·동제(구리)
아리석회황(석회유황합제),🟡,🔴,석회유황합제
아이씨보르도-412(보르도액),🔴,🔴,보르도·동제(구리)
아이씨보르도-66디(보르도액),🔴,🔴,보르도·동제(구리)
올킬황과동(광물질가루+구리염+황),🔴,🔴,보르도·동제(구리)
우롱싹(구리염),🔴,🔴,보르도·동제(구리)
유일보르도동(보르도액),🔴,🔴,보르도·동제(구리)
융전이유(EU)보르도(보르도액),🔴,🔴,보르도·동제(구리)
중앙보르도액153(보르도액),🔴,🔴,보르도·동제(구리)
칼황(석회유황합제),🟡,🔴,석회유황합제
쿠퍼플러스(수산화동),🔴,🔴,보르도·동제(구리)
클린존(구리염+소석회+황),🔴,🔴,보르도·동제(구리)
토생우팽(구리염),🔴,🔴,보르도·동제(구리)
토양엔황금동(구리염+벤토나이트+황),🔴,🔴,보르도·동제(구리)
투보르-탄(보르도액),🔴,🔴,보르도·동제(구리)
팜볼드(미생물+수산화동),🔴,🔴,보르도·동제(구리)
팜한농보르도골드(보르도액),🔴,🔴,보르도·동제(구리)
펜큐브레(석회보르도액),🔴,🔴,보르도·동제(구리)
황유(석회유황합제),🟡,🔴,석회유황합제
흰갈탄(구리염+파라핀오일),🔴,🔴,보르도·동제(구리)
가루짱(중탄산나트륨),🟢,🟡,중탄산(중조)
구양근(목초액+천연산+키토산),🟡,🟡,목초·산성
귀티나황(황),🟡,🟡,무기황
규산황골드(규산나트륨+황),🟡,🟡,무기황
규산황액제(규산나트륨+황),🟡,🟡,무기황
균격파(목초액+식물추출물),🟡,🟡,목초·산성
균박사(황),🟡,🟡,무기황
균킬(황),🟡,🟡,무기황
균황(황),🟡,🟡,무기황
노약해(황),🟡,🟡,무기황
논에퐁 에코(규산나트륨+중탄산칼륨),🟢,🟡,중탄산(중조)
다싹(황),🟡,🟡,무기황
다쓰리(생석회+식물추출물+황),🟡,🟡,무기황
다자비(규산나트륨+황),🟡,🟡,무기황
다풍년 균팡이제로(해수+황),🟡,🟡,무기황
닥터황(황),🟡,🟡,무기황
대경황 플러스(규산나트륨+황),🟡,🟡,무기황
대박상자(님추출물+목초액),🟡,🟡,목초·산성
대유갈리신(목초액+식물추출물),🟡,🟡,목초·산성
대유아인황 입제(규조토+황),🟡,🟡,무기황
대유올에스킬(황),🟡,🟡,무기황
대유충사탄 직접살포액(목초액+식물추출물+제충국추출물),🟡,🟡,목초·산성
대유충사탄(목초액+식물추출물+제충국추출물),🟡,🟡,목초·산성
대황(천일염+황),🟡,🟡,무기황
더킬(식물추출물+목초액),🟡,🟡,목초·산성
더황(황),🟡,🟡,무기황
땅심앤킬(황),🟡,🟡,무기황
마이크로치올(황),🟡,🟡,무기황
멸충대장골드(목초액+식물추출물),🟡,🟡,목초·산성
모두싹균(미생물추출물+목초액),🟡,🟡,목초·산성
모두싹에스(S)입제(황),🟡,🟡,무기황
모두싹유황규산(규산나트륨+황),🟡,🟡,무기황
모두싹크린(황),🟡,🟡,무기황
모두싹프리미엄(황),🟡,🟡,무기황
무충탄(규조토+식물추출물+황),🟡,🟡,무기황
바구박사프리미엄(님추출물+목초액),🟡,🟡,목초·산성
바구박사플러스(님추출물+목초액),🟡,🟡,목초·산성
바구애골드(님추출물+식물추출물+목초액),🟡,🟡,목초·산성
바오밥7500(황),🟡,🟡,무기황
바이오황 다싹균(황),🟡,🟡,무기황
방충망(목초액+식물성오일+식물추출물),🟡,🟡,목초·산성
백박사효소유황골드(황+중탄산칼륨),🟡,🟡,무기황
벅클린(목초액+식물성오일+식물추출물),🟡,🟡,목초·산성
병살타(목초액+식물추출물+파라핀오일),🟡,🟡,목초·산성
보난자 그린-팩(규산나트륨+황),🟡,🟡,무기황
볼카노(황),🟡,🟡,무기황
뿌리황골드(황),🟡,🟡,무기황
삼지짱(황),🟡,🟡,무기황
서울황토유황합제(황+천일염),🟡,🟡,무기황
세도콜골드(황+에틸알콜),🟡,🟡,무기황
스마트워터(광물질 가루+황),🟡,🟡,무기황
시오네뜨파워(해조류가루+황),🟡,🟡,무기황
신기황(황),🟡,🟡,무기황
싸그리(목초액+식물성오일),🟡,🟡,목초·산성
아즈모엠지(AZUMO-MG)(황),🟡,🟡,무기황
아톰짱(황),🟡,🟡,무기황
에너지(ENERGY)(규산나트륨+황),🟡,🟡,무기황
에스콜(규산나트륨+황),🟡,🟡,무기황
에스투(S2)(황),🟡,🟡,무기황
엔에프(NF)균가라(황),🟡,🟡,무기황
엔에프(NF)충가라(목초액+식물추출물),🟡,🟡,목초·산성
오복이(규산나트륨+황),🟡,🟡,무기황
오복이입제(규산나트륨+황),🟡,🟡,무기황
오복이플러스(규산나트륨+황),🟡,🟡,무기황
왕잘커(미생물추출물+황),🟡,🟡,무기황
우렁총자바(규조토+식물추출물+황),🟡,🟡,무기황
원료황(황),🟡,🟡,무기황
원샷에스(황),🟡,🟡,무기황
유기원선충119(목초액+식물성오일),🟡,🟡,목초·산성
유일황소독(황),🟡,🟡,무기황
일발백충(님추출물+목초액+식물성오일+식물추출물),🟡,🟡,목초·산성
일타올킬(식물추출물+황),🟡,🟡,무기황
자연황(벤토나이트+황),🟡,🟡,무기황
제균탄플러스에스(미생물+황),🟡,🟡,무기황
중앙다잡아(황),🟡,🟡,무기황
진디사리(님추출물+목초액+식물추출물),🟡,🟡,목초·산성
진시황(규산나트륨+황),🟡,🟡,무기황
천연유황수(황),🟡,🟡,무기황
총채스탑 수화제(미생물+중탄산나트륨),🟢,🟡,중탄산(중조)
총채싹플러스(규조토+미생물+중탄산나트륨),🟢,🟡,중탄산(중조)
충균쇄(비누+생석회+식물추출물+황),🟡,🟡,무기황
충자탄(규조토+님추출물+식물추출물+황),🟡,🟡,무기황
충지기입제(파라핀오일+데리스추출물+목초액+규조토),🟡,🟡,목초·산성
치유팜-충(목초액+식물추출물+에틸알콜),🟡,🟡,목초·산성
치유황(규산나트륨+황),🟡,🟡,무기황
친환경올킬(황),🟡,🟡,무기황
코프황(황),🟡,🟡,무기황
키틴쏘일백신(키토산+황),🟡,🟡,무기황
탑믹스올제로(님추출물+황),🟡,🟡,무기황
탑클린(황),🟡,🟡,무기황
티오썰퍼(벤토나이트+황),🟡,🟡,무기황
팡이닥터(목초액+식물추출물),🟡,🟡,목초·산성
팡클린(목초액+식물추출물+에틸알콜),🟡,🟡,목초·산성
프로설파800(황),🟡,🟡,무기황
플로썰(황),🟡,🟡,무기황
한방킬(황),🟡,🟡,무기황
한방플러스(목초액+식물추출물+제충국추출물+키토산),🟡,🟡,목초·산성
활화산(황),🟡,🟡,무기황
황금 에스1(S1)(천일염+황),🟡,🟡,무기황
황금동충플러스(님추출물+황),🟡,🟡,무기황
황대장(황),🟡,🟡,무기황
황대황(식물추출물+황),🟡,🟡,무기황
황서방(벤토나이트+황),🟡,🟡,무기황
황제균(황),🟡,🟡,무기황
황칠황(규산나트륨+식물추출물+황),🟡,🟡,무기황
황킬(황),🟡,🟡,무기황
황토랑유황(황),🟡,🟡,무기황
휘파람소리(규산나트륨+황),🟡,🟡,무기황
흙살림황수화제(황),🟡,🟡,무기황
흰자비(중탄산나트륨),🟢,🟡,중탄산(중조)
3종 복합 노린재(페로몬),🟢,🟢,천적·페로몬·물리
4종 복합교미교란제(페로몬),🟢,🟢,천적·페로몬·물리
가든키퍼(비누+식물추출물),🟢,🟢,님·식물추출
가루싹(미생물+식물추출물),🟢,🟢,미생물·생물농약
가루이뚝(님추출물),🟢,🟢,님·식물추출
가루지기(식물성오일),🟢,🟢,난황·유지
가루지기-골드(데리스추출물+식물성오일),🟢,🟢,난황·유지
가루퇴진골드(식물추출물),🟢,🟢,님·식물추출
갈색모아썩덩모아 페로몬 트랩(페로몬),🟢,🟢,천적·페로몬·물리
골드넥스(광물질),🟢,🟢,키토산·광물·기타
곰바이박사(식물추출물),🟢,🟢,님·식물추출
과수2종노린재(페로몬),🟢,🟢,천적·페로몬·물리
과수복합노린재(페로몬),🟢,🟢,천적·페로몬·물리
규산골드(규산나트륨),🟢,🟢,키토산·광물·기타
규산대장골드(규산나트륨),🟢,🟢,키토산·광물·기타
규산박사(규산나트륨),🟢,🟢,키토산·광물·기타
규산왕플러스(규산나트륨),🟢,🟢,키토산·광물·기타
규산팜(규산나트륨),🟢,🟢,키토산·광물·기타
균나라(식물추출물+천연산),🟢,🟢,님·식물추출
균도리(식물성오일+에틸알콜+파라핀오일),🟢,🟢,난황·유지
균마스터(식물추출물),🟢,🟢,님·식물추출
균바이(미생물),🟢,🟢,미생물·생물농약
균스탑(미생물),🟢,🟢,미생물·생물농약
균싸이드(식물추출물),🟢,🟢,님·식물추출
균싹(미생물),🟢,🟢,미생물·생물농약
균잡스(식물추출물),🟢,🟢,님·식물추출
균제왕 골드(미생물추출물),🟢,🟢,미생물·생물농약
균탑(식물성오일),🟢,🟢,난황·유지
그린 매나모아 플러스 성페로몬 트랩(페로몬),🟢,🟢,천적·페로몬·물리
그린 멸강모아 성페로몬 트랩(페로몬),🟢,🟢,천적·페로몬·물리
그린 열거모아 성페로몬 트랩(페로몬),🟢,🟢,천적·페로몬·물리
그린 토뿔모아 성페로몬 트랩(페로몬),🟢,🟢,천적·페로몬·물리
그린도보겐(규산나트륨),🟢,🟢,키토산·광물·기타
그린졸 유제(님추출물+식물성오일),🟢,🟢,난황·유지
그린졸 입제(님추출물),🟢,🟢,님·식물추출
그린충패쓰(제충국추출물),🟢,🟢,님·식물추출
그린팜(식물추출물),🟢,🟢,님·식물추출
그린포수(식물추출물+파라핀오일),🟢,🟢,난황·유지
금빛유산 그린(규산나트륨),🟢,🟢,키토산·광물·기타
깍뚝(식물성오일),🟢,🟢,난황·유지
깍지대첩(데리스추출물+식물추출물),🟢,🟢,님·식물추출
깍지진디킬(식물성오일+식물추출물),🟢,🟢,난황·유지
끌리지오(메타알데하이드),🟢,🟢,천적·페로몬·물리
나노이온규산(규산나트륨),🟢,🟢,키토산·광물·기타
나방마스터(식물추출물+파라핀오일),🟢,🟢,난황·유지
나방박사(식물추출물),🟢,🟢,님·식물추출
나방엔에코(미생물),🟢,🟢,미생물·생물농약
나방잡아(미생물),🟢,🟢,미생물·생물농약
나방진(식물성오일+식물추출물),🟢,🟢,난황·유지
나방철이(님추출물),🟢,🟢,님·식물추출
나방큐(식물추출물+에틸알콜),🟢,🟢,님·식물추출
나방킬(식물성오일),🟢,🟢,난황·유지
나비티(식물추출물),🟢,🟢,님·식물추출
네마 아웃(Nema Out)(식물성오일),🟢,🟢,난황·유지
네마닥터 골드(미생물),🟢,🟢,미생물·생물농약
네마닥터(미생물추출물),🟢,🟢,미생물·생물농약
네마씨에코 입제(미생물),🟢,🟢,미생물·생물농약
네마씨에코(미생물),🟢,🟢,미생물·생물농약
네마캐치 액제(미생물추출물),🟢,🟢,미생물·생물농약
노고지리(미생물),🟢,🟢,미생물·생물농약
노린재컷(식물추출물+에틸알콜+제충국추출물),🟢,🟢,님·식물추출
노린충뚝(식물추출물),🟢,🟢,님·식물추출
노재틴(식물성오일),🟢,🟢,난황·유지
노팡스(미생물),🟢,🟢,미생물·생물농약
노피엠(식물추출물),🟢,🟢,님·식물추출
노피엠입제(식물추출물),🟢,🟢,님·식물추출
뉴(New)바이백신(미생물추출물),🟢,🟢,미생물·생물농약
뉴응칠이(식물성오일+식물추출물),🟢,🟢,난황·유지
뉴참청(미생물추출물+식물추출물),🟢,🟢,미생물·생물농약
뉴톡깍이파워(데리스추출물+식물성오일),🟢,🟢,난황·유지
다이네마이트(식물성오일),🟢,🟢,난황·유지
다이원골드(식물추출물),🟢,🟢,님·식물추출
다자바(식물추출물),🟢,🟢,님·식물추출
다지톨(식물성오일),🟢,🟢,난황·유지
닥터팜(식물성오일+식물추출물),🟢,🟢,난황·유지
달마시안 제충국 S1(제충국추출물+식물추출물),🟢,🟢,님·식물추출
달마시안제충국S2(제충국추출물+식물추출물),🟢,🟢,님·식물추출
달팽이없는마을(규조토+식물추출물),🟢,🟢,님·식물추출
대덕항공규산(규산나트륨),🟢,🟢,키토산·광물·기타
대유굳바이러스골드 액제(식물추출물),🟢,🟢,님·식물추출
대유나방멸(규조토+미생물),🟢,🟢,미생물·생물농약
대유노팽이알파 액제(식물추출물+인산철),🟢,🟢,님·식물추출
대유노팽이알파(메타알데하이드+인산철),🟢,🟢,천적·페로몬·물리
대유님비티(님추출물+미생물),🟢,🟢,미생물·생물농약
대유다이포스(식물성오일),🟢,🟢,난황·유지
대유닥터푸란트 액제(미생물),🟢,🟢,미생물·생물농약
대유닥터푸란트(규조토+미생물),🟢,🟢,미생물·생물농약
대유달마가(식물추출물),🟢,🟢,님·식물추출
대유마이크로닥터(미생물),🟢,🟢,미생물·생물농약
대유마이킹(미생물),🟢,🟢,미생물·생물농약
대유선충뚝(식물추출물),🟢,🟢,님·식물추출
대유에코사이드(규조토+미생물),🟢,🟢,미생물·생물농약
대유오르토실(규산나트륨),🟢,🟢,키토산·광물·기타
대유응진싹 직접살포액(식물성오일),🟢,🟢,난황·유지
대유응진싹(식물성오일),🟢,🟢,난황·유지
대유줌실-에이(규산나트륨),🟢,🟢,키토산·광물·기타
대유총진싹 입제(규조토+미생물),🟢,🟢,미생물·생물농약
대유총진싹(미생물),🟢,🟢,미생물·생물농약
대유총진싹골드(미생물),🟢,🟢,미생물·생물농약
대유충더지(식물성오일),🟢,🟢,난황·유지
대유충박멸 입제(규조토+식물성오일+제충국추출물),🟢,🟢,난황·유지
대유쿠르스타(미생물),🟢,🟢,미생물·생물농약
대유파라왁스(파라핀오일),🟢,🟢,난황·유지
대유파라핀(파라핀오일),🟢,🟢,난황·유지
대유팡싹충싹 입제(규조토+미생물),🟢,🟢,미생물·생물농약
대유팽이아웃(인산철),🟢,🟢,천적·페로몬·물리
대유플라즈마님 입제(님추출물),🟢,🟢,님·식물추출
대유플라즈마님(님추출물),🟢,🟢,님·식물추출
더기찬규산 액제(규산나트륨),🟢,🟢,키토산·광물·기타
더기찬규산 입제(규산나트륨),🟢,🟢,키토산·광물·기타
도복그라(규산나트륨),🟢,🟢,키토산·광물·기타
도복에짱(규산나트륨),🟢,🟢,키토산·광물·기타
도열이(식물성오일),🟢,🟢,난황·유지
돌발충격파(식물추출물+제충국추출물),🟢,🟢,님·식물추출
동시탄(미생물추출물),🟢,🟢,미생물·생물농약
동시탄플러스(미생물),🟢,🟢,미생물·생물농약
두배싹(식물추출물+파라핀오일),🟢,🟢,난황·유지
듀얼가드(미생물추출물),🟢,🟢,미생물·생물농약
드림탑규산(규산나트륨),🟢,🟢,키토산·광물·기타
듬지칸(규산나트륨),🟢,🟢,키토산·광물·기타
땅도리(님추출물+식물성오일),🟢,🟢,난황·유지
땅지옥(님추출물+식물추출물),🟢,🟢,님·식물추출
땅해충싹(식물추출물),🟢,🟢,님·식물추출
라바 아웃(식물추출물),🟢,🟢,님·식물추출
라바규산(규산나트륨),🟢,🟢,키토산·광물·기타
라바뚝플러스(님추출물),🟢,🟢,님·식물추출
라바피드 아웃(식물추출물),🟢,🟢,님·식물추출
라박실(Labacill)(미생물추출물),🟢,🟢,미생물·생물농약
람피드(미생물추출물),🟢,🟢,미생물·생물농약
래보(식물추출물),🟢,🟢,님·식물추출
랜드세이버 유제(식물성오일+파라핀오일),🟢,🟢,난황·유지
랜드세이버 입제(식물성오일+파라핀오일),🟢,🟢,난황·유지
랜드크린(식물추출물),🟢,🟢,님·식물추출
랜드크린유제(식물성오일+식물추출물+파라핀오일),🟢,🟢,난황·유지
랜드크린입제(식물성오일+식물추출물+파라핀오일),🟢,🟢,난황·유지
리퍼(RE-PUR)(미생물),🟢,🟢,미생물·생물농약
마귀황탄(미생물),🟢,🟢,미생물·생물농약
마름엔(식물성오일),🟢,🟢,난황·유지
마이크롬(미생물추출물),🟢,🟢,미생물·생물농약
마이트아웃(님추출물+데리스추출물),🟢,🟢,님·식물추출
만석(규산나트륨),🟢,🟢,키토산·광물·기타
매미자바(데리스추출물+식물추출+파라핀오일),🟢,🟢,난황·유지
맥섬틴아제(키토산),🟢,🟢,키토산·광물·기타
먹노린다(페로몬),🟢,🟢,천적·페로몬·물리
먹노린수(식물성오일),🟢,🟢,난황·유지
먹스타(식물성오일+식물추출물),🟢,🟢,난황·유지
먹신의방패(식물추출물+에틸알콜+제충국추출물),🟢,🟢,님·식물추출
먹충이 골드(식물추출물),🟢,🟢,님·식물추출
먹충이 파워(미생물+식물추출물),🟢,🟢,미생물·생물농약
멀티하나로(식물추출물),🟢,🟢,님·식물추출
멸규니(식물추출물),🟢,🟢,님·식물추출
모두싹충(님추출물),🟢,🟢,님·식물추출
모두지기(데리스추출물),🟢,🟢,님·식물추출
모두탁(천연산+천일염),🟢,🟢,키토산·광물·기타
모스뚝(님추출물+데리스추출물+식물추출물+에틸알콜),🟢,🟢,님·식물추출
모스싹(식물성오일+파라핀오일),🟢,🟢,난황·유지
무균탄(식물성오일),🟢,🟢,난황·유지
무럭무럭 슈퍼선(식물성오일),🟢,🟢,난황·유지
무름엔(식물추출물+에틸알콜),🟢,🟢,님·식물추출
무름헌터(규조토+미생물),🟢,🟢,미생물·생물농약
무림독활(식물추출물),🟢,🟢,님·식물추출
무림멜구졸(식물성오일+식물추출물),🟢,🟢,난황·유지
무림버민25(식물성오일+식물추출물),🟢,🟢,난황·유지
무진촌(데리스추출물),🟢,🟢,님·식물추출
무충지대-골드(식물성오일+에틸알콜+제충국추출물),🟢,🟢,난황·유지
문고119(식물성오일),🟢,🟢,난황·유지
문고리(식물성오일),🟢,🟢,난황·유지
문도깨비(식물추출물),🟢,🟢,님·식물추출
문도대장골드(식물추출물),🟢,🟢,님·식물추출
미생물충탄(미생물),🟢,🟢,미생물·생물농약
미생플러스(미생물),🟢,🟢,미생물·생물농약
미압플러스(식물추출물),🟢,🟢,님·식물추출
바게미(님추출물),🟢,🟢,님·식물추출
바구마스터유제(데리스추출물+식물성오일+파라핀오일),🟢,🟢,난황·유지
바구미입제(님추출물+식물성오일),🟢,🟢,난황·유지
바구총채입제(데리스추출물+식물추출물+파라핀오일),🟢,🟢,난황·유지
바구콜골드(님추출물),🟢,🟢,님·식물추출
바구탄(식물성오일+식물추출물),🟢,🟢,난황·유지
바구토충왕(미생물추출물+식물추출물+파라핀오일),🟢,🟢,난황·유지
바뜨러충(님추출물),🟢,🟢,님·식물추출
바루잡스(미생물추출물+식물추출물),🟢,🟢,미생물·생물농약
바른제로충(데리스추출물+식물추출물),🟢,🟢,님·식물추출
바벨논(미생물),🟢,🟢,미생물·생물농약
바빌루스(규조토+미생물),🟢,🟢,미생물·생물농약
바스킬(미생물추출물),🟢,🟢,미생물·생물농약
바이그로(해조류추출물),🟢,🟢,님·식물추출
바이도열골드(식물성오일+에틸알콜+파라핀오일),🟢,🟢,난황·유지
바이러스박사(미생물),🟢,🟢,미생물·생물농약
바이마이신 액상(식물추출물+에틸알콜),🟢,🟢,님·식물추출
바이바미 입제(님추출물),🟢,🟢,님·식물추출
바이백신 입제(미생물추출물),🟢,🟢,미생물·생물농약
바이오님비피(님추출물+식물성오일),🟢,🟢,난황·유지
바이오스트롱(미생물),🟢,🟢,미생물·생물농약
바이오탄(미생물),🟢,🟢,미생물·생물농약
바이킬(식물추출물),🟢,🟢,님·식물추출
바이팡(식물성오일+에틸알콜+파라핀오일),🟢,🟢,난황·유지
바이헌터(미생물추출물),🟢,🟢,미생물·생물농약
박도열(식물성오일),🟢,🟢,난황·유지
박멸균(식물성오일),🟢,🟢,난황·유지
박멸충(식물성오일+식물추출물),🟢,🟢,난황·유지
박스타골드(식물성오일+파라핀오일),🟢,🟢,난황·유지
방제규산(규산나트륨),🟢,🟢,키토산·광물·기타
방충탄(데리스추출물),🟢,🟢,님·식물추출
백강탄(미생물),🟢,🟢,미생물·생물농약
백강플러스(미생물),🟢,🟢,미생물·생물농약
버그다윈(식물추출물),🟢,🟢,님·식물추출
버그올킬(식물추출물+제충국추출물),🟢,🟢,님·식물추출
버그팜(식물추출물),🟢,🟢,님·식물추출
버틸캅(규조토+미생물),🟢,🟢,미생물·생물농약
번개충(식물추출물+에틸알콜+제충국추출물),🟢,🟢,님·식물추출
벌레잡이(식물추출물),🟢,🟢,님·식물추출
벡시플렌트(Vacciplant)(해조류추출물),🟢,🟢,님·식물추출
벨티울(미생물),🟢,🟢,미생물·생물농약
벼씨애(식물성오일),🟢,🟢,난황·유지
병해뚝(규조토+미생물),🟢,🟢,미생물·생물농약
병해충싹균도사(천일염+파라핀오일+황),🟢,🟢,난황·유지
보란패치그린(미생물),🟢,🟢,미생물·생물농약
복명1종 교미교란제(페로몬),🟢,🟢,천적·페로몬·물리
복순과붙이 복합 교미교란제(페로몬),🟢,🟢,천적·페로몬·물리
복순모아 성페로몬 트랩(페로몬),🟢,🟢,천적·페로몬·물리
복숭아유리모아 성페로몬 트랩(페로몬),🟢,🟢,천적·페로몬·물리
복심모아 성페로몬 트랩(페로몬),🟢,🟢,천적·페로몬·물리
부란킬(미생물),🟢,🟢,미생물·생물농약
불나방케이(K)(미생물+파라핀오일),🟢,🟢,난황·유지
불타는총채(식물성오일),🟢,🟢,난황·유지
브로킹(식물추출물),🟢,🟢,님·식물추출
비베마플러스(식물추출물),🟢,🟢,님·식물추출
비비탄(님추출물+미생물),🟢,🟢,미생물·생물농약
비티더블유(미생물),🟢,🟢,미생물·생물농약
비티력(미생물),🟢,🟢,미생물·생물농약
비티박사(미생물),🟢,🟢,미생물·생물농약
비티킬(미생물),🟢,🟢,미생물·생물농약
비티투(미생물),🟢,🟢,미생물·생물농약
비티플러스(님추출물+데리스추출물+미생물),🟢,🟢,미생물·생물농약
빌리언(미생물),🟢,🟢,미생물·생물농약
빛돌천적 1호(천적),🟢,🟢,천적·페로몬·물리
빛돌천적 2호(천적),🟢,🟢,천적·페로몬·물리
빛돌천적 3호(천적),🟢,🟢,천적·페로몬·물리
뿌리장생 수화제(미생물),🟢,🟢,미생물·생물농약
사계유(파라핀오일+식물성오일),🟢,🟢,난황·유지
사굴모아 성페로몬 트랩(페로몬),🟢,🟢,천적·페로몬·물리
사무니모아 성페로몬 트랩(페로몬),🟢,🟢,천적·페로몬·물리
사프오일(식물성오일),🟢,🟢,난황·유지
산소탄플러스(규산나트륨),🟢,🟢,키토산·광물·기타
살충킹(식물추출물),🟢,🟢,님·식물추출
삼공기계유(기계유),🟢,🟢,난황·유지
삼공파라핀(파라핀오일),🟢,🟢,난황·유지
삼진충(데리스추출물),🟢,🟢,님·식물추출
삼충사(식물추출물),🟢,🟢,님·식물추출
새시대(미생물),🟢,🟢,미생물·생물농약
서울기계유(기계유),🟢,🟢,난황·유지
선다이 액상(식물추출물),🟢,🟢,님·식물추출
선사시대(식물추출물),🟢,🟢,님·식물추출
선철이(식물추출물),🟢,🟢,님·식물추출
선충달팽애(식물성오일+식물추출물),🟢,🟢,난황·유지
선충뚝 입제(님추출물+식물추출물),🟢,🟢,님·식물추출
선충싹(미생물추출물+식물성오일),🟢,🟢,난황·유지
선충제로(미생물),🟢,🟢,미생물·생물농약
세라탄(미생물),🟢,🟢,미생물·생물농약
세레나데아소(미생물),🟢,🟢,미생물·생물농약
세리펠(미생물),🟢,🟢,미생물·생물농약
세머루(미생물),🟢,🟢,미생물·생물농약
세이버스(규조토+미생물),🟢,🟢,미생물·생물농약
세이프가드(식물추출물),🟢,🟢,님·식물추출
솔사이드-아이(규조토+미생물),🟢,🟢,미생물·생물농약
솔수염모아 페로몬 트랩(페로몬),🟢,🟢,천적·페로몬·물리
솔지킴이(페로몬),🟢,🟢,천적·페로몬·물리
수도응삼이(미생물+식물추출물),🟢,🟢,미생물·생물농약
수파란(식물추출물),🟢,🟢,님·식물추출
순심2종 교미교란제(페로몬),🟢,🟢,천적·페로몬·물리
순심굴이 4종 교미교란제(페로몬),🟢,🟢,천적·페로몬·물리
순심말이 4종 교미교란제(페로몬),🟢,🟢,천적·페로몬·물리
순심붙이3종 교미교란제(페로몬),🟢,🟢,천적·페로몬·물리
순심유리 4종 교미교란제(페로몬),🟢,🟢,천적·페로몬·물리
순천비티제(미생물),🟢,🟢,미생물·생물농약
쉐어그린 에스지원(SG1)(데리스추출물),🟢,🟢,님·식물추출
쉐어그린 에스지원플러스(SG1+)(님추출물+데리스추출물+에틸알콜+파라핀오일),🟢,🟢,난황·유지
쉐어그린 에스지텐(SG10)(데리스추출물+에틸알콜),🟢,🟢,님·식물추출
슈퍼 짱짱이(규산나트륨),🟢,🟢,키토산·광물·기타
슈퍼네마탄(미생물),🟢,🟢,미생물·생물농약
슈퍼선충(식물성오일),🟢,🟢,난황·유지
슈퍼애니킬(님추출물+식물추출물),🟢,🟢,님·식물추출
슈퍼청(식물추출물),🟢,🟢,님·식물추출
슈퍼총(식물추출물),🟢,🟢,님·식물추출
슈퍼킹(미생물추출물),🟢,🟢,미생물·생물농약
슈퍼탄(식물성오일),🟢,🟢,난황·유지
슈퍼탄분상(규조토+미생물),🟢,🟢,미생물·생물농약
스워스키-마이트 플러스(천적),🟢,🟢,천적·페로몬·물리
스위퍼(식물성오일+식물추출물),🟢,🟢,난황·유지
스위핑(식물성오일+식물추출물),🟢,🟢,난황·유지
스타(STAR)(님추출물+식물추출물),🟢,🟢,님·식물추출
스타팜(규산나트륨+님추출물+식물성오일+파라핀오일),🟢,🟢,난황·유지
스트렙토스탑(미생물+식물추출물),🟢,🟢,미생물·생물농약
스피덱스바이탈(천적),🟢,🟢,천적·페로몬·물리
스피칼플러스(천적),🟢,🟢,천적·페로몬·물리
슬러그 아웃(Slug Out)(식물추출물),🟢,🟢,님·식물추출
시나노(식물성오일),🟢,🟢,난황·유지
시듦자비(식물성오일+식물추출물),🟢,🟢,난황·유지
시스타 액제(규산나트륨),🟢,🟢,키토산·광물·기타
시스타 입제 플러스(규산나트륨),🟢,🟢,키토산·광물·기타
시스타(규산나트륨+규산염),🟢,🟢,키토산·광물·기타
실라몰(규산나트륨),🟢,🟢,키토산·광물·기타
실큰이(규산나트륨),🟢,🟢,키토산·광물·기타
싸자바(식물성오일+식물추출물),🟢,🟢,난황·유지
싹들어(데리스추출물+식물성오일+파라핀오일),🟢,🟢,난황·유지
싹쓰리충 골드(식물추출물),🟢,🟢,님·식물추출
싹쓰리파워(식물추출물+파라핀오일),🟢,🟢,난황·유지
썩덩모아 페로몬 트랩(페로몬),🟢,🟢,천적·페로몬·물리
쓰리고(식물성오일),🟢,🟢,난황·유지
쓰리킹(식물추출물),🟢,🟢,님·식물추출
씨알-100(식물성오일+식물추출물),🟢,🟢,난황·유지
아이언액티브(인산철),🟢,🟢,천적·페로몬·물리
아카리도일(비누),🟢,🟢,천적·페로몬·물리
아트플랜에코 입제(미생물),🟢,🟢,미생물·생물농약
아트플랜에코(미생물),🟢,🟢,미생물·생물농약
아피파(천적),🟢,🟢,천적·페로몬·물리
아피파-엠(천적),🟢,🟢,천적·페로몬·물리
안티바이스탑(식물추출물),🟢,🟢,님·식물추출
안티브이골드 액상(식물추출물+에틸알콜),🟢,🟢,님·식물추출
안티브이골드 입제(식물추출물+에틸알콜),🟢,🟢,님·식물추출
알차니(미생물),🟢,🟢,미생물·생물농약
알찬벼(규산나트륨),🟢,🟢,키토산·광물·기타
애그로박타-비비(미생물),🟢,🟢,미생물·생물농약
애무니모아 성페로몬 트랩(페로몬),🟢,🟢,천적·페로몬·물리
액상활화산(식물추출물),🟢,🟢,님·식물추출
앱바이오-칠레(천적),🟢,🟢,천적·페로몬·물리
어그리(미생물),🟢,🟢,미생물·생물농약
업그레이드 액제(규산나트륨),🟢,🟢,키토산·광물·기타
에이디 트랩_비티(AD Trap_BT)(페로몬),🟢,🟢,천적·페로몬·물리
에이디-스마트뷰 미니(AD-Smartview mini)(페로몬),🟢,🟢,천적·페로몬·물리
에이디-스마트뷰 솔라(AD-Smartview solar)(페로몬),🟢,🟢,천적·페로몬·물리
에이디-스마트뷰 엘비(AD-Smartview LB)(페로몬),🟢,🟢,천적·페로몬·물리
에코 2종 교미교란제(페로몬),🟢,🟢,천적·페로몬·물리
에코 4종 교미교란제(페로몬),🟢,🟢,천적·페로몬·물리
에코 님오일 10000(님추출물),🟢,🟢,님·식물추출
에코갈리(데리스추출물+식물성오일+파라핀오일),🟢,🟢,난황·유지
에코믹스(식물성오일),🟢,🟢,난황·유지
에코쓰리(Eco3)(데리스추출물+식물성오일+식물추출물),🟢,🟢,난황·유지
에코오일(식물성오일),🟢,🟢,난황·유지
에코왕(식물추출물),🟢,🟢,님·식물추출
에코윈-에스(S)(천적),🟢,🟢,천적·페로몬·물리
에코유일규산(규산나트륨),🟢,🟢,키토산·광물·기타
에코제로(식물성오일),🟢,🟢,난황·유지
에코킬러(식물추출물),🟢,🟢,님·식물추출
에코팡팡(식물추출물),🟢,🟢,님·식물추출
엑시마이트(식물성오일),🟢,🟢,난황·유지
엔비에스엠(천적),🟢,🟢,천적·페로몬·물리
엔비에이치엠(NB-Hm)(천적),🟢,🟢,천적·페로몬·물리
엔스프레이(파라핀오일),🟢,🟢,난황·유지
엔에프(NF)제충이(식물추출물+제충국추출물),🟢,🟢,님·식물추출
엔에프(NF)크린업(식물성오일+식물추출물+에틸알콜),🟢,🟢,난황·유지
엔젤탑규산액제(규산나트륨),🟢,🟢,키토산·광물·기타
엔클로(클로렐라),🟢,🟢,미생물·생물농약
엠백(M-VAC) 입제(규조토+버섯추출액),🟢,🟢,미생물·생물농약
엠백(M-VAC)(버섯추출액),🟢,🟢,미생물·생물농약
엠씨-1(MC-1)(페로몬),🟢,🟢,천적·페로몬·물리
엠씨-1플러스(MC-1plus)(페로몬),🟢,🟢,천적·페로몬·물리
엠피드(비누),🟢,🟢,천적·페로몬·물리
영비수(담배잎차+에틸알콜),🟢,🟢,님·식물추출
오가닉솔빛채(미생물),🟢,🟢,미생물·생물농약
오가닉스(식물성오일+식물추출물),🟢,🟢,난황·유지
오가닉씰러스(미생물),🟢,🟢,미생물·생물농약
오가닉탑시드(미생물),🟢,🟢,미생물·생물농약
오리자맥스(Orizamax)(미생물),🟢,🟢,미생물·생물농약
오메가프레시(OmegaFresh)(에틸알콜+인지질),🟢,🟢,난황·유지
오존님 오일(Ozoneem oil)(님추출물),🟢,🟢,님·식물추출
오페라(식물성오일+식물추출물),🟢,🟢,난황·유지
온실누리(식물성오일+식물추출물),🟢,🟢,난황·유지
올스탑(미생물),🟢,🟢,미생물·생물농약
올쏘규산 파워(규산나트륨),🟢,🟢,키토산·광물·기타
올카바(식물추출물),🟢,🟢,님·식물추출
올케어입제(천연식물에서추출한제재),🟢,🟢,님·식물추출
우렁모아(식물추출물),🟢,🟢,님·식물추출
우렁충컷(식물추출물),🟢,🟢,님·식물추출
우렁킬(식물추출물),🟢,🟢,님·식물추출
우릉탄(벤토나이트+식물추출물),🟢,🟢,님·식물추출
우리땅애(규조토+미생물),🟢,🟢,미생물·생물농약
우모(규산나트륨),🟢,🟢,키토산·광물·기타
원샷(식물추출물+파라핀오일),🟢,🟢,난황·유지
원킬(식물성오일),🟢,🟢,난황·유지
원킬바이 액상(식물추출물+에틸알콜),🟢,🟢,님·식물추출
원킬바이 입제(식물추출물+에틸알콜),🟢,🟢,님·식물추출
월드스타에코(미생물추출물),🟢,🟢,미생물·생물농약
웜가드(님추출물),🟢,🟢,님·식물추출
유기원 굿바이총채(규조토+미생물),🟢,🟢,미생물·생물농약
유기원삼진아웃(식물추출물+파라핀오일),🟢,🟢,난황·유지
유리1종 교미교란제(페로몬),🟢,🟢,천적·페로몬·물리
유일킬바이러스(식물추출물+해조류추출물),🟢,🟢,님·식물추출
유황없이 나야나 플러스(규산나트륨+천연산),🟢,🟢,키토산·광물·기타
융전종합살충탄(데리스추출물+식물추출물),🟢,🟢,님·식물추출
은굴모아 성페로몬 트랩(페로몬),🟢,🟢,천적·페로몬·물리
은총이(식물성오일+식물추출물),🟢,🟢,난황·유지
응달총(규조토),🟢,🟢,키토산·광물·기타
응뚝(식물추출물),🟢,🟢,님·식물추출
응마기(식물성오일+식물추출물+파라핀오일),🟢,🟢,난황·유지
응애깍(식물성오일),🟢,🟢,난황·유지
응애노(데리스추출물+식물성오일),🟢,🟢,난황·유지
응팔이(식물성오일+식물추출물),🟢,🟢,난황·유지
이끌림(미생물추출물),🟢,🟢,미생물·생물농약
이노충싹(동물성오일),🟢,🟢,난황·유지
이노충자바(데리스추출물+파라핀오일),🟢,🟢,난황·유지
이노충킬러(식물추출물),🟢,🟢,님·식물추출
이노팜가드(천연식물에서추출한제재),🟢,🟢,님·식물추출
이즈칼 무충(식물추출물),🟢,🟢,님·식물추출
이지케이(이지K)(님추출물+데리스추출물+식물추출물),🟢,🟢,님·식물추출
인산테라풀케어(광물질가루),🟢,🟢,키토산·광물·기타
일타이피(미생물추출물),🟢,🟢,미생물·생물농약
임팩트규산골드(규산나트륨),🟢,🟢,키토산·광물·기타
자바따(발효주정+제충국추출물),🟢,🟢,님·식물추출
작살나1(식물추출물),🟢,🟢,님·식물추출
잘들어총(식물추출물),🟢,🟢,님·식물추출
재노탄(규산염+미생물),🟢,🟢,미생물·생물농약
잰닥터1(JAN Dr1)에버백신(미생물),🟢,🟢,미생물·생물농약
잰닥터6네버박토(미생물),🟢,🟢,미생물·생물농약
잰닥터7올나방킬(미생물),🟢,🟢,미생물·생물농약
전용1호 벨레젠스(미생물),🟢,🟢,미생물·생물농약
제균박사(미생물),🟢,🟢,미생물·생물농약
제균탄(미생물),🟢,🟢,미생물·생물농약
제노메타(미생물),🟢,🟢,미생물·생물농약
제노비티(미생물+미생물추출물),🟢,🟢,미생물·생물농약
제로싹(데리스추출물+식물성오일+식물추출물+에틸알콜+제충국추출물),🟢,🟢,난황·유지
제이-인섹터(J-인섹터)(데리스추출물),🟢,🟢,님·식물추출
제충박사(님추출물+제충국추출물),🟢,🟢,님·식물추출
젠타리(미생물),🟢,🟢,미생물·생물농약
젠토달팽이탄(메타알데하이드),🟢,🟢,천적·페로몬·물리
중앙항공오르토규산(규산나트륨),🟢,🟢,키토산·광물·기타
지하부대케이엠(지하부대KM)(미생물),🟢,🟢,미생물·생물농약
진나방뚝(미생물),🟢,🟢,미생물·생물농약
진농프로폴리탄(프로폴리스),🟢,🟢,키토산·광물·기타
진뚝플러스(데리스추출물+식물성오일+식물추출물),🟢,🟢,난황·유지
진총채뚝(미생물),🟢,🟢,미생물·생물농약
진캐치골드(님추출물),🟢,🟢,님·식물추출
짱짱애(규산나트륨),🟢,🟢,키토산·광물·기타
짱짱이골드(규산나트륨),🟢,🟢,키토산·광물·기타
짱짱항공규산(규산나트륨),🟢,🟢,키토산·광물·기타
참가루(식물성오일),🟢,🟢,난황·유지
참깍진(데리스추출물+식물성오일+파라핀오일),🟢,🟢,난황·유지
참빛(식물성오일),🟢,🟢,난황·유지
참선충 입제(식물성오일),🟢,🟢,난황·유지
참선충(미생물),🟢,🟢,미생물·생물농약
참조아(키토산),🟢,🟢,키토산·광물·기타
참지기(님추출물),🟢,🟢,님·식물추출
참진(식물추출물),🟢,🟢,님·식물추출
참총충 입제(미생물),🟢,🟢,미생물·생물농약
천공탄(미생물),🟢,🟢,미생물·생물농약
천궁 골드(식물추출물),🟢,🟢,님·식물추출
청고킬(미생물),🟢,🟢,미생물·생물농약
청달래(미생물),🟢,🟢,미생물·생물농약
청멸플러스 알파(식물추출물),🟢,🟢,님·식물추출
청사수(님추출물+식물추출물),🟢,🟢,님·식물추출
청쓸이(식물성오일),🟢,🟢,난황·유지
청충불패(식물추출물),🟢,🟢,님·식물추출
청킬(미생물추출물),🟢,🟢,미생물·생물농약
총깍충(식물추출물),🟢,🟢,님·식물추출
총채뚝플러스(미생물),🟢,🟢,미생물·생물농약
총채스탑(미생물+미생물추출물),🟢,🟢,미생물·생물농약
총채싹(규조토+미생물),🟢,🟢,미생물·생물농약
총채적(데리스추출물+식물성오일),🟢,🟢,난황·유지
총채지옥(미생물),🟢,🟢,미생물·생물농약
총채진나방킬(미생물),🟢,🟢,미생물·생물농약
총채큐Q(식물추출물+미생물추출물),🟢,🟢,미생물·생물농약
총채프리 에스(미생물),🟢,🟢,미생물·생물농약
총채프리(미생물),🟢,🟢,미생물·생물농약
충격탄(님추출물+식물성오일),🟢,🟢,난황·유지
충균쇠(님추출물+미생물추출물),🟢,🟢,미생물·생물농약
충균싹입제(님추출물+식물성오일),🟢,🟢,난황·유지
충나라골드(Gold)(식물성오일+식물추출물+파라핀오일),🟢,🟢,난황·유지
충도리(데리스추출물+식물성오일+에틸알콜+파라핀오일),🟢,🟢,난황·유지
충마기(식물추출물),🟢,🟢,님·식물추출
충마스터(데리스추출물+파라핀오일),🟢,🟢,난황·유지
충모아 노린재 페로몬 트랩(페로몬),🟢,🟢,천적·페로몬·물리
충무공(식물성오일),🟢,🟢,난황·유지
충무로(님추출물),🟢,🟢,님·식물추출
충바이(데리스추출물+식물성오일+식물추출물+에틸알콜),🟢,🟢,난황·유지
충박멸(제충국추출물+식물성오일+파라핀오일),🟢,🟢,난황·유지
충박사골드(식물성오일+식물추출물),🟢,🟢,난황·유지
충분해(식물추출물),🟢,🟢,님·식물추출
충사냥(미생물),🟢,🟢,미생물·생물농약
충사장(식물추출물),🟢,🟢,님·식물추출
충사탄 입제(제충국추출물),🟢,🟢,님·식물추출
충식이(식물추출물),🟢,🟢,님·식물추출
충신(식물성오일+식물추출물+제충국추출물),🟢,🟢,난황·유지
충애자리공(식물추출물),🟢,🟢,님·식물추출
충에는(식물성오일),🟢,🟢,난황·유지
충에쎈(데리스추출물+식물성오일+에틸알콜),🟢,🟢,난황·유지
충자버(님추출물+식물성오일+식물추출물),🟢,🟢,난황·유지
충잡스(식물추출물),🟢,🟢,님·식물추출
충잡아프리미엄(식물성오일),🟢,🟢,난황·유지
충제왕 골드(식물추출물),🟢,🟢,님·식물추출
충조아(식물추출물),🟢,🟢,님·식물추출
충지기 플러스(식물성오일+파라핀오일),🟢,🟢,난황·유지
충철이(데리스추출물+식물성오일+식물추출물),🟢,🟢,난황·유지
충칼(식물성오일+에틸알콜+제충국추출물),🟢,🟢,난황·유지
충크린(데리스추출물+식물추출물),🟢,🟢,님·식물추출
충킬(식물추출물+제충국추출물),🟢,🟢,님·식물추출
충타작(님추출물),🟢,🟢,님·식물추출
충탁(식물성오일+파라핀오일),🟢,🟢,난황·유지
충탑(식물성오일+식물추출물),🟢,🟢,난황·유지
카란자(천연식물에서 추출한 제재),🟢,🟢,님·식물추출
캐리오(식물성오일),🟢,🟢,난황·유지
캐어풀(식물추출물),🟢,🟢,님·식물추출
캐어풀입제(식물추출물),🟢,🟢,님·식물추출
케이(K)님(님추출물+데리스추출물),🟢,🟢,님·식물추출
케이-엠디(페로몬),🟢,🟢,천적·페로몬·물리
케이-엠디_씨피에이(K-MD_CPA)(페로몬),🟢,🟢,천적·페로몬·물리
케이바이오(미생물),🟢,🟢,미생물·생물농약
케이스프레이(파라핀오일),🟢,🟢,난황·유지
케이엠(K-M)(미생물),🟢,🟢,미생물·생물농약
코마에이치액제(미생물제제),🟢,🟢,미생물·생물농약
코베(식물추출물),🟢,🟢,님·식물추출
코시액제(규산나트륨),🟢,🟢,키토산·광물·기타
크리너(식물성오일),🟢,🟢,난황·유지
크린팜(식물추출물),🟢,🟢,님·식물추출
큰손액상규산(규산나트륨),🟢,🟢,키토산·광물·기타
큰손입상규산(규산나트륨),🟢,🟢,키토산·광물·기타
키리에(미생물),🟢,🟢,미생물·생물농약
키토나이스 플러스(키토산),🟢,🟢,키토산·광물·기타
키토나이스(키토산),🟢,🟢,키토산·광물·기타
타지마(미생물추출물),🟢,🟢,미생물·생물농약
탄저브렉골드(에틸알콜+천연산+키토산),🟢,🟢,키토산·광물·기타
탄저킬(미생물),🟢,🟢,미생물·생물농약
탄탄왕(규산나트륨),🟢,🟢,키토산·광물·기타
탑믹스균제로(식물성오일+황),🟢,🟢,난황·유지
탑믹스충제로(식물추출물+파라핀오일),🟢,🟢,난황·유지
탑플러스규산 액제(규산나트륨),🟢,🟢,키토산·광물·기타
토리골드(미생물),🟢,🟢,미생물·생물농약
토박이 액상수화제(미생물),🟢,🟢,미생물·생물농약
토뿔 복합교미교란제(페로몬),🟢,🟢,천적·페로몬·물리
토뿔소(페로몬),🟢,🟢,천적·페로몬·물리
토충왕총채콜(데리스추출물+식물성오일+파라핀오일),🟢,🟢,난황·유지
토충킬(식물추출물),🟢,🟢,님·식물추출
토탈싹(식물추출물),🟢,🟢,님·식물추출
토탈싹플러스(식물추출물),🟢,🟢,님·식물추출
톱자바(페로몬),🟢,🟢,천적·페로몬·물리
트리아눔-피(P)(미생물),🟢,🟢,미생물·생물농약
트리포(천적),🟢,🟢,천적·페로몬·물리
튼튼맨(미생물),🟢,🟢,미생물·생물농약
튼튼맨프리(미생물추출물),🟢,🟢,미생물·생물농약
티모렉스 골드(식물추출물+식물성오일),🟢,🟢,난황·유지
파라유(파라핀오일),🟢,🟢,난황·유지
파라포핀스(파라핀오일),🟢,🟢,난황·유지
파리응애균뚝(미생물),🟢,🟢,미생물·생물농약
파리응애균뚝액제(미생물추출물),🟢,🟢,미생물·생물농약
파스카(규산나트륨),🟢,🟢,키토산·광물·기타
파워백신(미생물추출물),🟢,🟢,미생물·생물농약
파이토클린(Fytoclean)(비누),🟢,🟢,천적·페로몬·물리
파인세이버(미생물),🟢,🟢,미생물·생물농약
팍스팍스(미생물),🟢,🟢,미생물·생물농약
팔파래(미생물),🟢,🟢,미생물·생물농약
팜나락쌀(규산나트륨),🟢,🟢,키토산·광물·기타
팜닥터-네마크린(규조토+천적),🟢,🟢,천적·페로몬·물리
팜닥터-마일즈(천적),🟢,🟢,천적·페로몬·물리
팜닥터-칠레(천적),🟢,🟢,천적·페로몬·물리
팜닥터-콜레마니(천적),🟢,🟢,천적·페로몬·물리
팜월드(미생물추출물),🟢,🟢,미생물·생물농약
팜한농기계유(기계유),🟢,🟢,난황·유지
팡가드(미생물),🟢,🟢,미생물·생물농약
팡사리(님추출물+식물성오일+식물추출물),🟢,🟢,난황·유지
팡이코마수화제(미생물),🟢,🟢,미생물·생물농약
팡커트(식물추출물),🟢,🟢,님·식물추출
팽다이(메타알데하이드),🟢,🟢,천적·페로몬·물리
퍼팩트원(식물성오일+식물추출물),🟢,🟢,난황·유지
퍼펙트충컷(님추출물+식물추출물+에틸알콜+제충국추출물),🟢,🟢,님·식물추출
펀기 와이퍼(Fungi Wiper)(식물성오일),🟢,🟢,난황·유지
페리맥스(인산철),🟢,🟢,천적·페로몬·물리
페스트뚝(님추출물),🟢,🟢,님·식물추출
페이스 액제(규산나트륨),🟢,🟢,키토산·광물·기타
포테토킹(미생물),🟢,🟢,미생물·생물농약
푸레착착(비누),🟢,🟢,천적·페로몬·물리
푸르네-제로(식물추출물),🟢,🟢,님·식물추출
프라우드(식물추출물),🟢,🟢,님·식물추출
프로바이오 메가(식물추출물),🟢,🟢,님·식물추출
프로바이오 바이오싸일런스(식물성오일+식물추출물),🟢,🟢,난황·유지
프로바이오 인섹트아웃(식물추출물),🟢,🟢,님·식물추출
프로바이오 자바토(식물성오일),🟢,🟢,난황·유지
프로킹(미생물추출물+식물추출물),🟢,🟢,미생물·생물농약
프리바입제(식물추출물+파라핀오일),🟢,🟢,난황·유지
프리밤골드(식물추출물),🟢,🟢,님·식물추출
프리베일피(P)(식물성오일),🟢,🟢,난황·유지
플란타20(식물추출물),🟢,🟢,님·식물추출
피토락(식물추출물),🟢,🟢,님·식물추출
하나충싹골드(GOLD)(식물추출물+파라핀오일),🟢,🟢,난황·유지
하얀님(님추출물),🟢,🟢,님·식물추출
하이드로일(식물성오일),🟢,🟢,난황·유지
하이파이브(식물성오일),🟢,🟢,난황·유지
한방싹충도사(식물추출물+파라핀오일),🟢,🟢,난황·유지
한번에싹(님추출물+식물추출물),🟢,🟢,님·식물추출
해충뚝입제(식물성오일+파라핀오일),🟢,🟢,난황·유지
해충박사프리미엄(식물추출물),🟢,🟢,님·식물추출
해충박살 드론(식물성오일),🟢,🟢,난황·유지
해충박살 파워(식물성오일),🟢,🟢,난황·유지
해충싹플러스(식물성오일+식물추출물),🟢,🟢,난황·유지
해피솔(페로몬),🟢,🟢,천적·페로몬·물리
헬기로균(미생물),🟢,🟢,미생물·생물농약
헬기로충(제충국추출물+님추출물+에틸알콜),🟢,🟢,님·식물추출
혹자바(미생물추출물),🟢,🟢,미생물·생물농약
홍맹이(식물추출물),🟢,🟢,님·식물추출
후르츠큐 플러스(FruitQ Plus)(에틸알콜+인지질),🟢,🟢,난황·유지
휴맥실액제(규산나트륨),🟢,🟢,키토산·광물·기타
흙살림잘잡아(식물추출물+식물성오일),🟢,🟢,난황·유지
흙이랑뿌리랑플러스(미생물추출물),🟢,🟢,미생물·생물농약
흙향(미생물),🟢,🟢,미생물·생물농약
희사탄(식물추출물+파라핀오일),🟢,🟢,난황·유지
흰불킬러(페로몬),🟢,🟢,천적·페로몬·물리
